<?xml version="1.0" encoding="UTF-8"?>
<jcr:root xmlns:sling="http://sling.apache.org/jcr/sling/1.0" xmlns:cq="http://www.day.com/jcr/cq/1.0" xmlns:jcr="http://www.jcp.org/jcr/1.0" xmlns:nt="http://www.jcp.org/jcr/nt/1.0"
    jcr:primaryType="cq:Page">
    <jcr:content
        cq:lastModified="{Date}2014-11-10T15:23:55.216+11:00"
        cq:lastModifiedBy="admin"
        cq:template="/apps/bootstrap/templates/template-2-fluid"
        jcr:primaryType="cq:PageContent"
        jcr:title="carousel-example"
        sling:resourceType="bootstrap/components/pages/template-2-fluid">
        <right jcr:primaryType="nt:unstructured">
            <par
                jcr:primaryType="nt:unstructured"
                sling:resourceType="foundation/components/parsys">
                <carousel
                    jcr:created="{Date}2014-11-10T15:23:05.412+11:00"
                    jcr:createdBy="admin"
                    jcr:lastModified="{Date}2014-11-10T15:23:05.412+11:00"
                    jcr:lastModifiedBy="admin"
                    jcr:primaryType="nt:unstructured"
                    sling:resourceType="bootstrap/components/carousel">
                    <carousel-inner
                        jcr:primaryType="nt:unstructured"
                        sling:resourceType="bootstrap/components/carousel/parsys">
                        <carousel_item
                            jcr:created="{Date}2014-11-10T15:23:15.767+11:00"
                            jcr:createdBy="admin"
                            jcr:lastModified="{Date}2014-11-10T15:23:15.767+11:00"
                            jcr:lastModifiedBy="admin"
                            jcr:primaryType="nt:unstructured"
                            sling:resourceType="bootstrap/components/carousel/carousel-item">
                            <par
                                jcr:primaryType="nt:unstructured"
                                sling:resourceType="foundation/components/parsys">
                                <image
                                    jcr:created="{Date}2014-11-10T15:23:23.261+11:00"
                                    jcr:createdBy="admin"
                                    jcr:lastModified="{Date}2014-11-10T15:23:27.455+11:00"
                                    jcr:lastModifiedBy="admin"
                                    jcr:primaryType="nt:unstructured"
                                    sling:resourceType="foundation/components/image"
                                    fileReference="/content/dam/sports/1-2.jpeg"/>
                            </par>
                        </carousel_item>
                        <carousel_item_0
                            jcr:created="{Date}2014-11-10T15:23:41.959+11:00"
                            jcr:createdBy="admin"
                            jcr:lastModified="{Date}2014-11-10T15:23:41.959+11:00"
                            jcr:lastModifiedBy="admin"
                            jcr:primaryType="nt:unstructured"
                            sling:resourceType="bootstrap/components/carousel/carousel-item">
                            <par
                                jcr:primaryType="nt:unstructured"
                                sling:resourceType="foundation/components/parsys">
                                <image
                                    jcr:created="{Date}2014-11-10T15:23:52.235+11:00"
                                    jcr:createdBy="admin"
                                    jcr:lastModified="{Date}2014-11-10T15:23:55.211+11:00"
                                    jcr:lastModifiedBy="admin"
                                    jcr:primaryType="nt:unstructured"
                                    sling:resourceType="foundation/components/image"
                                    fileReference="/content/dam/sports/10.jpeg"/>
                            </par>
                        </carousel_item_0>
                    </carousel-inner>
                </carousel>
            </par>
        </right>
    </jcr:content>
</jcr:root>
