<?xml version="1.0" encoding="UTF-8"?>
<jcr:root xmlns:sling="http://sling.apache.org/jcr/sling/1.0" xmlns:cq="http://www.day.com/jcr/cq/1.0" xmlns:jcr="http://www.jcp.org/jcr/1.0" xmlns:nt="http://www.jcp.org/jcr/nt/1.0"
    jcr:primaryType="cq:Page">
    <jcr:content
        cq:lastModified="{Date}2014-11-14T13:17:10.765+11:00"
        cq:lastModifiedBy="admin"
        cq:template="/apps/bootstrap/templates/template-3"
        jcr:primaryType="cq:PageContent"
        jcr:title="tab-example"
        sling:resourceType="bootstrap/components/pages/template-3">
        <left jcr:primaryType="nt:unstructured">
            <par
                jcr:primaryType="nt:unstructured"
                sling:resourceType="foundation/components/parsys">
                <tab
                    jcr:created="{Date}2014-11-14T13:04:58.445+11:00"
                    jcr:createdBy="admin"
                    jcr:lastModified="{Date}2014-11-14T13:04:58.445+11:00"
                    jcr:lastModifiedBy="admin"
                    jcr:primaryType="nt:unstructured"
                    sling:resourceType="bootstrap/components/tab">
                    <tab-content
                        jcr:primaryType="nt:unstructured"
                        sling:resourceType="bootstrap/components/tab/parsys">
                        <panel
                            jcr:created="{Date}2014-11-14T13:05:09.249+11:00"
                            jcr:createdBy="admin"
                            jcr:lastModified="{Date}2014-11-14T13:05:20.084+11:00"
                            jcr:lastModifiedBy="admin"
                            jcr:primaryType="nt:unstructured"
                            sling:resourceType="bootstrap/components/tab/panel"
                            heading="Tab #1">
                            <tab-panel-components
                                jcr:primaryType="nt:unstructured"
                                sling:resourceType="bootstrap/components/tab/panel/parsys">
                                <image
                                    jcr:created="{Date}2014-11-14T13:05:51.520+11:00"
                                    jcr:createdBy="admin"
                                    jcr:lastModified="{Date}2014-11-14T13:05:51.520+11:00"
                                    jcr:lastModifiedBy="admin"
                                    jcr:primaryType="nt:unstructured"
                                    sling:resourceType="foundation/components/image"
                                    fileReference="/content/dam/sports/10.jpeg"/>
                            </tab-panel-components>
                        </panel>
                        <panel_0
                            jcr:created="{Date}2014-11-14T13:05:29.783+11:00"
                            jcr:createdBy="admin"
                            jcr:lastModified="{Date}2014-11-14T13:05:43.073+11:00"
                            jcr:lastModifiedBy="admin"
                            jcr:primaryType="nt:unstructured"
                            sling:resourceType="bootstrap/components/tab/panel"
                            heading="Tab #2">
                            <tab-panel-components
                                jcr:primaryType="nt:unstructured"
                                sling:resourceType="bootstrap/components/tab/panel/parsys">
                                <table
                                    jcr:created="{Date}2014-11-14T13:05:59.645+11:00"
                                    jcr:createdBy="admin"
                                    jcr:lastModified="{Date}2014-11-14T13:06:14.410+11:00"
                                    jcr:lastModifiedBy="admin"
                                    jcr:primaryType="nt:unstructured"
                                    sling:resourceType="foundation/components/table"
                                    tableData="&lt;table width=&quot;100%&quot; cellspacing=&quot;0&quot; cellpadding=&quot;1&quot; border=&quot;1&quot;>&#xa;&lt;tbody>&lt;tr>&lt;td>1&lt;/td>&#xa;&lt;td>2&lt;/td>&#xa;&lt;td>3&lt;/td>&#xa;&lt;/tr>&lt;tr>&lt;td>4&lt;/td>&#xa;&lt;td>5&lt;/td>&#xa;&lt;td>6&lt;/td>&#xa;&lt;/tr>&lt;/tbody>&lt;/table>&#xa;"/>
                            </tab-panel-components>
                        </panel_0>
                    </tab-content>
                </tab>
            </par>
        </left>
        <center jcr:primaryType="nt:unstructured">
            <par
                jcr:primaryType="nt:unstructured"
                sling:resourceType="foundation/components/parsys">
                <tab
                    jcr:created="{Date}2014-11-14T13:06:24.888+11:00"
                    jcr:createdBy="admin"
                    jcr:lastModified="{Date}2014-11-14T13:06:24.888+11:00"
                    jcr:lastModifiedBy="admin"
                    jcr:primaryType="nt:unstructured"
                    sling:resourceType="bootstrap/components/tab">
                    <tab-content
                        jcr:primaryType="nt:unstructured"
                        sling:resourceType="bootstrap/components/tab/parsys">
                        <panel
                            jcr:created="{Date}2014-11-14T13:05:09.249+11:00"
                            jcr:createdBy="admin"
                            jcr:lastModified="{Date}2014-11-14T13:05:20.084+11:00"
                            jcr:lastModifiedBy="admin"
                            jcr:primaryType="nt:unstructured"
                            sling:resourceType="bootstrap/components/tab/panel"
                            heading="Tab #1">
                            <tab-panel-components
                                jcr:primaryType="nt:unstructured"
                                sling:resourceType="bootstrap/components/tab/panel/parsys">
                                <image
                                    jcr:created="{Date}2014-11-14T13:05:51.520+11:00"
                                    jcr:createdBy="admin"
                                    jcr:lastModified="{Date}2014-11-14T13:05:51.520+11:00"
                                    jcr:lastModifiedBy="admin"
                                    jcr:primaryType="nt:unstructured"
                                    sling:resourceType="foundation/components/image"
                                    fileReference="/content/dam/sports/10.jpeg"/>
                            </tab-panel-components>
                        </panel>
                        <panel_0
                            jcr:created="{Date}2014-11-14T13:05:29.783+11:00"
                            jcr:createdBy="admin"
                            jcr:lastModified="{Date}2014-11-14T13:17:10.761+11:00"
                            jcr:lastModifiedBy="admin"
                            jcr:primaryType="nt:unstructured"
                            sling:resourceType="bootstrap/components/tab/panel"
                            heading="Panel 2 Tab #2">
                            <tab-panel-components
                                jcr:primaryType="nt:unstructured"
                                sling:resourceType="bootstrap/components/tab/panel/parsys">
                                <table
                                    jcr:created="{Date}2014-11-14T13:05:59.645+11:00"
                                    jcr:createdBy="admin"
                                    jcr:lastModified="{Date}2014-11-14T13:06:14.410+11:00"
                                    jcr:lastModifiedBy="admin"
                                    jcr:primaryType="nt:unstructured"
                                    sling:resourceType="foundation/components/table"
                                    tableData="&lt;table width=&quot;100%&quot; cellspacing=&quot;0&quot; cellpadding=&quot;1&quot; border=&quot;1&quot;>&#xa;&lt;tbody>&lt;tr>&lt;td>1&lt;/td>&#xa;&lt;td>2&lt;/td>&#xa;&lt;td>3&lt;/td>&#xa;&lt;/tr>&lt;tr>&lt;td>4&lt;/td>&#xa;&lt;td>5&lt;/td>&#xa;&lt;td>6&lt;/td>&#xa;&lt;/tr>&lt;/tbody>&lt;/table>&#xa;"/>
                            </tab-panel-components>
                        </panel_0>
                    </tab-content>
                </tab>
            </par>
        </center>
        <right jcr:primaryType="nt:unstructured">
            <par
                jcr:primaryType="nt:unstructured"
                sling:resourceType="foundation/components/parsys">
                <tab
                    jcr:created="{Date}2014-11-14T13:06:35.208+11:00"
                    jcr:createdBy="admin"
                    jcr:lastModified="{Date}2014-11-14T13:06:35.208+11:00"
                    jcr:lastModifiedBy="admin"
                    jcr:primaryType="nt:unstructured"
                    sling:resourceType="bootstrap/components/tab">
                    <tab-content
                        jcr:primaryType="nt:unstructured"
                        sling:resourceType="bootstrap/components/tab/parsys">
                        <panel
                            jcr:created="{Date}2014-11-14T13:05:09.249+11:00"
                            jcr:createdBy="admin"
                            jcr:lastModified="{Date}2014-11-14T13:05:20.084+11:00"
                            jcr:lastModifiedBy="admin"
                            jcr:primaryType="nt:unstructured"
                            sling:resourceType="bootstrap/components/tab/panel"
                            heading="Tab #1">
                            <tab-panel-components
                                jcr:primaryType="nt:unstructured"
                                sling:resourceType="bootstrap/components/tab/panel/parsys">
                                <image
                                    jcr:created="{Date}2014-11-14T13:06:51.915+11:00"
                                    jcr:createdBy="admin"
                                    jcr:lastModified="{Date}2014-11-14T13:06:51.915+11:00"
                                    jcr:lastModifiedBy="admin"
                                    jcr:primaryType="nt:unstructured"
                                    sling:resourceType="foundation/components/image"
                                    fileReference="/content/dam/sports/1-2.jpeg"/>
                            </tab-panel-components>
                        </panel>
                    </tab-content>
                </tab>
            </par>
        </right>
    </jcr:content>
</jcr:root>
